INSERT INTO orders (id, courier_id, location_x, location_y, volume, status) VALUES ('0288c627-b4c7-4ab4-a79d-d2505ce1977e', null, 2, 3, 18, 'created');
INSERT INTO orders (id, courier_id, location_x, location_y, volume, status) VALUES ('02d64d39-0385-4874-a32f-34958dd275cf', null, 10, 5, 9, 'created');
INSERT INTO orders (id, courier_id, location_x, location_y, volume, status) VALUES ('05ef2840-87b2-4e51-a08d-58ba18c1d12e', null, 10, 7, 6, 'created');
INSERT INTO orders (id, courier_id, location_x, location_y, volume, status) VALUES ('0b8388f5-71fc-413b-a29c-5c8446259630', null, 9, 10, 10, 'created');
INSERT INTO orders (id, courier_id, location_x, location_y, volume, status) VALUES ('0bf63fba-af96-437a-b620-b3d3c226ca69', null, 8, 10, 24, 'created');
INSERT INTO orders (id, courier_id, location_x, location_y, volume, status) VALUES ('0ef8a261-88b9-4224-b384-ac681148a967', null, 3, 1, 29, 'created');
INSERT INTO orders (id, courier_id, location_x, location_y, volume, status) VALUES ('0f9329b0-7565-47f1-a3c6-d3d5a1b3d028', null, 6, 6, 17, 'created');
INSERT INTO orders (id, courier_id, location_x, location_y, volume, status) VALUES ('0f9fd652-580d-4d44-8851-2e22daef93fe', '54517cca-9ac1-4b49-a649-606aae75b621', 9, 10, 11, 'assigned');
INSERT INTO orders (id, courier_id, location_x, location_y, volume, status) VALUES ('15e86999-b254-40f1-a19f-eb314ae06460', null, 8, 4, 3, 'created');
INSERT INTO orders (id, courier_id, location_x, location_y, volume, status) VALUES ('182ddce0-0b03-4a88-ae48-7016125e1347', null, 7, 1, 6, 'created');
INSERT INTO orders (id, courier_id, location_x, location_y, volume, status) VALUES ('1aa78e12-03fc-480e-a04c-c6e792cdf6e6', null, 6, 2, 7, 'created');
INSERT INTO orders (id, courier_id, location_x, location_y, volume, status) VALUES ('1c9ea059-a7e7-40c9-afab-68f990b465c7', 'a2399dda-06e2-4434-8015-a2b5e57ad066', 2, 5, 9, 'assigned');
INSERT INTO orders (id, courier_id, location_x, location_y, volume, status) VALUES ('22596606-d10c-4753-8da2-37e437d8346f', null, 10, 8, 6, 'created');
INSERT INTO orders (id, courier_id, location_x, location_y, volume, status) VALUES ('233a1a42-250e-49cb-914b-df99fe3908bd', null, 8, 3, 9, 'created');
INSERT INTO orders (id, courier_id, location_x, location_y, volume, status) VALUES ('28bd9bfa-ecaf-4a25-9a72-1bb3889b793a', null, 9, 5, 21, 'created');
INSERT INTO orders (id, courier_id, location_x, location_y, volume, status) VALUES ('3273b2b3-0d2c-4730-8b58-d5d381181517', null, 6, 7, 7, 'created');
INSERT INTO orders (id, courier_id, location_x, location_y, volume, status) VALUES ('37d93fcf-1acd-4f39-972e-bedb95b6a9c4', null, 4, 1, 5, 'created');
INSERT INTO orders (id, courier_id, location_x, location_y, volume, status) VALUES ('3a394eee-472f-4381-b95c-07e91bff3470', null, 10, 3, 27, 'created');
INSERT INTO orders (id, courier_id, location_x, location_y, volume, status) VALUES ('3a70ecaa-201d-4edd-abdf-9815c3c2b631', '840e2fc4-e80a-43a5-aa5e-0f76dac63cab', 1, 10, 9, 'assigned');
INSERT INTO orders (id, courier_id, location_x, location_y, volume, status) VALUES ('3cc161d0-b3ec-4eff-b9f1-f8e3c676d2ad', null, 7, 2, 26, 'created');
INSERT INTO orders (id, courier_id, location_x, location_y, volume, status) VALUES ('3d8909d7-408e-421d-a2cc-5832ec5e4616', null, 1, 9, 5, 'created');
INSERT INTO orders (id, courier_id, location_x, location_y, volume, status) VALUES ('3ebc91f6-1b02-486a-9baf-cc2cb6277d26', null, 2, 9, 23, 'created');
INSERT INTO orders (id, courier_id, location_x, location_y, volume, status) VALUES ('405c5bfa-960b-4ebd-b100-a1ec09f05f82', '4ce9c6df-e90f-42b4-952e-c82395d97071', 4, 8, 4, 'assigned');
INSERT INTO orders (id, courier_id, location_x, location_y, volume, status) VALUES ('409561ed-4ef9-4d73-baae-3c8794972349', null, 5, 4, 22, 'created');
INSERT INTO orders (id, courier_id, location_x, location_y, volume, status) VALUES ('41480f92-d34e-4f5f-97fc-507271f19108', null, 9, 6, 5, 'created');
INSERT INTO orders (id, courier_id, location_x, location_y, volume, status) VALUES ('4274cd75-49df-4dd7-9224-f40e3391e181', null, 1, 8, 1, 'created');
INSERT INTO orders (id, courier_id, location_x, location_y, volume, status) VALUES ('43de8fd5-53d8-41d1-8b45-f533dd39f80a', null, 9, 1, 20, 'created');
INSERT INTO orders (id, courier_id, location_x, location_y, volume, status) VALUES ('4413d737-8eb5-4efd-bdf9-41dcb9a36393', null, 1, 5, 7, 'created');
INSERT INTO orders (id, courier_id, location_x, location_y, volume, status) VALUES ('49f24f5d-d9da-4f1a-8dfc-51edab7f4549', '4ce9c6df-e90f-42b4-952e-c82395d97071', 6, 7, 16, 'assigned');
INSERT INTO orders (id, courier_id, location_x, location_y, volume, status) VALUES ('4ac50971-d701-4fed-a8f5-1b4d7363a550', null, 3, 5, 29, 'created');
INSERT INTO orders (id, courier_id, location_x, location_y, volume, status) VALUES ('52d4343c-176e-42f0-86a4-5e78092ca567', null, 7, 10, 1, 'created');
INSERT INTO orders (id, courier_id, location_x, location_y, volume, status) VALUES ('56407da2-4c5b-4a5a-8248-c82cfcb9648e', null, 9, 8, 1, 'created');
INSERT INTO orders (id, courier_id, location_x, location_y, volume, status) VALUES ('56fbdbf7-a86c-482d-a980-2f694a62b756', null, 6, 9, 28, 'created');
INSERT INTO orders (id, courier_id, location_x, location_y, volume, status) VALUES ('57c11553-f647-4599-aa80-ebd0116f308b', null, 1, 10, 2, 'created');
INSERT INTO orders (id, courier_id, location_x, location_y, volume, status) VALUES ('58d43654-6bf4-42c3-acce-c4fcfa87fc76', null, 10, 10, 22, 'created');
INSERT INTO orders (id, courier_id, location_x, location_y, volume, status) VALUES ('5f26497b-e715-4ed1-95c6-9aa328940844', null, 1, 8, 13, 'created');
INSERT INTO orders (id, courier_id, location_x, location_y, volume, status) VALUES ('5f4a1859-c41d-4a18-9f86-3a49283a2d26', null, 4, 7, 15, 'created');
INSERT INTO orders (id, courier_id, location_x, location_y, volume, status) VALUES ('5f4bbf37-ac99-429a-b243-725a42419415', null, 6, 10, 17, 'created');
INSERT INTO orders (id, courier_id, location_x, location_y, volume, status) VALUES ('6451a118-6df8-45c6-a884-30c66fa45a5f', null, 2, 5, 11, 'created');
INSERT INTO orders (id, courier_id, location_x, location_y, volume, status) VALUES ('664606fd-223f-4c36-bd1a-3d8ee2aed525', '0234c21c-e521-4f35-a5e3-e0af93c77bb8', 3, 7, 3, 'assigned');
INSERT INTO orders (id, courier_id, location_x, location_y, volume, status) VALUES ('67912cfd-3ccc-4aea-8667-cbb9eb5b66a8', null, 2, 3, 7, 'created');
INSERT INTO orders (id, courier_id, location_x, location_y, volume, status) VALUES ('68709753-25d1-4cda-81c2-5d644afdd1a3', null, 4, 4, 26, 'created');
INSERT INTO orders (id, courier_id, location_x, location_y, volume, status) VALUES ('6d3b5dec-52a9-4887-b4ef-f920f6bc2ae7', '2ec02fd1-d0c7-4a5b-9c20-377029165235', 8, 1, 17, 'assigned');
INSERT INTO orders (id, courier_id, location_x, location_y, volume, status) VALUES ('72db46f8-efd3-448d-a59c-240897bec2b8', null, 2, 7, 4, 'created');
INSERT INTO orders (id, courier_id, location_x, location_y, volume, status) VALUES ('77c32b2b-edb6-4a5b-bd90-c3e5949eac4c', null, 9, 6, 10, 'created');
INSERT INTO orders (id, courier_id, location_x, location_y, volume, status) VALUES ('7854edec-2337-4d18-86a4-1cd5fae280c6', null, 2, 5, 6, 'created');
INSERT INTO orders (id, courier_id, location_x, location_y, volume, status) VALUES ('78a3fb6e-e85c-4c62-b7b3-312028f184bd', null, 9, 1, 26, 'created');
INSERT INTO orders (id, courier_id, location_x, location_y, volume, status) VALUES ('7e445304-f846-48e5-b17f-d1c46abd8843', null, 1, 9, 11, 'created');
INSERT INTO orders (id, courier_id, location_x, location_y, volume, status) VALUES ('8405a938-5f89-438c-96ab-ec29c9160480', null, 5, 6, 11, 'created');
INSERT INTO orders (id, courier_id, location_x, location_y, volume, status) VALUES ('899a10f5-99c0-4c03-9a8c-d30f93230bc8', null, 3, 2, 5, 'created');
INSERT INTO orders (id, courier_id, location_x, location_y, volume, status) VALUES ('914302bc-767b-4916-8d65-5d849e68bd92', null, 5, 4, 8, 'created');
INSERT INTO orders (id, courier_id, location_x, location_y, volume, status) VALUES ('9176b04e-31ab-4741-a736-bd4ec8083d55', null, 9, 2, 4, 'created');
INSERT INTO orders (id, courier_id, location_x, location_y, volume, status) VALUES ('943b8aff-ad55-46a5-89a4-9dd49f46f398', 'ef834edf-56f6-4a86-8930-d29edbaa1e20', 3, 9, 2, 'assigned');
INSERT INTO orders (id, courier_id, location_x, location_y, volume, status) VALUES ('9e7c5d71-71c3-4e31-b651-6ed2bf4403e3', null, 4, 2, 21, 'created');
INSERT INTO orders (id, courier_id, location_x, location_y, volume, status) VALUES ('9eb016bc-56df-4ff0-a04f-7044b5828295', null, 2, 3, 29, 'created');
INSERT INTO orders (id, courier_id, location_x, location_y, volume, status) VALUES ('a276d20b-a0c5-47a9-aa7b-391944b2bb68', null, 10, 2, 10, 'created');
INSERT INTO orders (id, courier_id, location_x, location_y, volume, status) VALUES ('a6a40ddd-57be-4a1e-89e8-2bedfcadbef5', null, 5, 4, 7, 'created');
INSERT INTO orders (id, courier_id, location_x, location_y, volume, status) VALUES ('a6c83bc3-72a6-46e0-b52d-40a4da46723d', null, 4, 6, 8, 'created');
INSERT INTO orders (id, courier_id, location_x, location_y, volume, status) VALUES ('a7ba2e9d-3b74-400b-a40a-5bc085d9b0dc', null, 3, 3, 1, 'created');
INSERT INTO orders (id, courier_id, location_x, location_y, volume, status) VALUES ('a883f8f8-13d7-4f36-926a-6a48e21e61b4', null, 7, 1, 26, 'created');
INSERT INTO orders (id, courier_id, location_x, location_y, volume, status) VALUES ('abf29735-ae1e-4588-9b26-183e587730f2', null, 3, 2, 1, 'created');
INSERT INTO orders (id, courier_id, location_x, location_y, volume, status) VALUES ('aebce67a-6379-413b-8c87-a069c25198f6', null, 9, 10, 7, 'created');
INSERT INTO orders (id, courier_id, location_x, location_y, volume, status) VALUES ('b2ad156d-e418-45da-a91a-025a43241b3b', null, 3, 4, 25, 'created');
INSERT INTO orders (id, courier_id, location_x, location_y, volume, status) VALUES ('b3f6f555-e855-4ba6-a8d2-ce5095a77c11', null, 9, 8, 13, 'created');
INSERT INTO orders (id, courier_id, location_x, location_y, volume, status) VALUES ('b5261984-e50b-465e-bd65-4b2c578ad130', 'dfaf5777-1ae4-4688-a23e-d7e2cb94619a', 7, 8, 17, 'assigned');
INSERT INTO orders (id, courier_id, location_x, location_y, volume, status) VALUES ('ba36ab11-c89f-4adc-b75d-9a9f448aed74', null, 10, 7, 4, 'created');
INSERT INTO orders (id, courier_id, location_x, location_y, volume, status) VALUES ('bba83b77-034c-472d-b35f-b1872836ce2b', null, 9, 3, 22, 'created');
INSERT INTO orders (id, courier_id, location_x, location_y, volume, status) VALUES ('bd207710-9e0b-4f54-8fb4-44036e2ba2e2', null, 6, 1, 2, 'created');
INSERT INTO orders (id, courier_id, location_x, location_y, volume, status) VALUES ('bec005be-9e3a-40e5-8943-f142958a3953', null, 7, 5, 17, 'created');
INSERT INTO orders (id, courier_id, location_x, location_y, volume, status) VALUES ('befe1389-7e7d-40de-9039-043d11f26b80', null, 10, 5, 12, 'created');
INSERT INTO orders (id, courier_id, location_x, location_y, volume, status) VALUES ('bf509172-f6e6-47d5-aa2a-d3f797f45a24', null, 4, 8, 21, 'created');
INSERT INTO orders (id, courier_id, location_x, location_y, volume, status) VALUES ('c3affc44-5909-47db-b824-1afbfb005d08', 'f888422a-8537-4554-b62e-71210e1522f7', 8, 6, 7, 'assigned');
INSERT INTO orders (id, courier_id, location_x, location_y, volume, status) VALUES ('cc543d6c-8a65-4bb0-88f8-9c786df772de', null, 4, 5, 13, 'created');
INSERT INTO orders (id, courier_id, location_x, location_y, volume, status) VALUES ('ce77179d-1b1c-4cdf-b839-6c17c883d1bc', null, 6, 5, 29, 'created');
INSERT INTO orders (id, courier_id, location_x, location_y, volume, status) VALUES ('ceebf625-8a5b-409e-b92a-3cf51e3ea9a3', 'ac5dcab2-da4b-46c1-9d52-72ae8e999be8', 1, 5, 3, 'assigned');
INSERT INTO orders (id, courier_id, location_x, location_y, volume, status) VALUES ('d1176352-5b04-4a5e-96a7-3095034c68aa', null, 4, 8, 1, 'created');
INSERT INTO orders (id, courier_id, location_x, location_y, volume, status) VALUES ('d335f18a-55db-4504-879f-a66e796d20fb', null, 10, 8, 6, 'created');
INSERT INTO orders (id, courier_id, location_x, location_y, volume, status) VALUES ('d3d66464-ce3c-4f02-8e57-a01d3be28c09', null, 3, 10, 2, 'created');
INSERT INTO orders (id, courier_id, location_x, location_y, volume, status) VALUES ('d7269528-9199-4fa9-a512-7849efeaaacd', 'd2f727e5-5d37-4cd6-9f14-103c40cb0272', 2, 5, 7, 'assigned');
INSERT INTO orders (id, courier_id, location_x, location_y, volume, status) VALUES ('da772573-3377-490b-bf77-2b6e62af4186', null, 7, 5, 22, 'created');
INSERT INTO orders (id, courier_id, location_x, location_y, volume, status) VALUES ('dc3d6bee-4738-4465-aebc-0edf2ceb4527', null, 8, 9, 10, 'created');
INSERT INTO orders (id, courier_id, location_x, location_y, volume, status) VALUES ('e0411a3b-371e-43f2-957e-64073ce49b43', null, 9, 9, 10, 'created');
INSERT INTO orders (id, courier_id, location_x, location_y, volume, status) VALUES ('e1a2340f-bae6-4de2-a890-b728d2fef35a', null, 1, 6, 28, 'created');
INSERT INTO orders (id, courier_id, location_x, location_y, volume, status) VALUES ('e2fc74c9-fb28-4499-9d40-b6eb162a9880', null, 9, 10, 10, 'created');
INSERT INTO orders (id, courier_id, location_x, location_y, volume, status) VALUES ('e5470cf6-dd30-47f1-a1f2-8b3cb9a37230', null, 2, 7, 1, 'created');
INSERT INTO orders (id, courier_id, location_x, location_y, volume, status) VALUES ('e7bce79c-9cb8-4fa5-8a72-2ca631681e83', null, 9, 6, 15, 'created');
INSERT INTO orders (id, courier_id, location_x, location_y, volume, status) VALUES ('e85b31f1-4a84-4061-b7b7-10e89ba626e9', '840e2fc4-e80a-43a5-aa5e-0f76dac63cab', 6, 8, 25, 'assigned');
INSERT INTO orders (id, courier_id, location_x, location_y, volume, status) VALUES ('e92df96d-d847-4b56-8c99-e85d519bfad6', '4076f949-ef64-44dd-876f-ed5643e2eb4f', 9, 1, 12, 'assigned');
INSERT INTO orders (id, courier_id, location_x, location_y, volume, status) VALUES ('eb2f9997-24cb-486e-ad52-19f86f73eace', 'dfaf5777-1ae4-4688-a23e-d7e2cb94619a', 5, 8, 7, 'assigned');
INSERT INTO orders (id, courier_id, location_x, location_y, volume, status) VALUES ('ed21ba66-2177-427d-8a92-bcdbe52caef7', null, 1, 3, 9, 'created');
INSERT INTO orders (id, courier_id, location_x, location_y, volume, status) VALUES ('efb4ef65-3e79-4e19-b5b0-b4dd3b1dece8', null, 10, 10, 6, 'created');
INSERT INTO orders (id, courier_id, location_x, location_y, volume, status) VALUES ('f26203a3-4189-4179-ab85-496d1fb1b9c6', null, 2, 8, 29, 'created');
INSERT INTO orders (id, courier_id, location_x, location_y, volume, status) VALUES ('f3f3a005-bb5e-40c2-a3f6-ca07eee21a4d', null, 9, 9, 10, 'created');
INSERT INTO orders (id, courier_id, location_x, location_y, volume, status) VALUES ('f51e2394-c457-4a4b-82b2-dc8067c378e1', null, 2, 5, 28, 'created');
INSERT INTO orders (id, courier_id, location_x, location_y, volume, status) VALUES ('f5ae10c2-6d32-4616-a443-6fc2196b15b8', null, 10, 10, 2, 'created');
INSERT INTO orders (id, courier_id, location_x, location_y, volume, status) VALUES ('f5e6c435-8466-427e-9686-4ca8d6b7ef64', 'a8d94494-d79c-461d-888d-7c90aecb021c', 4, 6, 7, 'assigned');
INSERT INTO orders (id, courier_id, location_x, location_y, volume, status) VALUES ('f5f52d69-37c6-47ce-bdbc-3172b413ab9c', 'f888422a-8537-4554-b62e-71210e1522f7', 9, 5, 27, 'assigned');
INSERT INTO orders (id, courier_id, location_x, location_y, volume, status) VALUES ('f7d9e064-3843-424f-bdae-98b1689481e5', null, 2, 7, 17, 'created');
INSERT INTO orders (id, courier_id, location_x, location_y, volume, status) VALUES ('ffa9b7ee-fccf-44ad-b4de-ccad6dfe16ba', null, 7, 3, 25, 'created');
INSERT INTO orders (id, courier_id, location_x, location_y, volume, status) VALUES ('ffc509ea-ba8e-428b-9624-3050f17d6bc8', null, 2, 6, 10, 'created');
INSERT INTO couriers (id, name, speed, location_x, location_y) VALUES ('0234c21c-e521-4f35-a5e3-e0af93c77bb8', 'courier7', 5, 3, 3);
INSERT INTO couriers (id, name, speed, location_x, location_y) VALUES ('0c9b2544-6370-4a8c-afb9-e34158e1ae38', 'courier16', 2, 6, 1);
INSERT INTO couriers (id, name, speed, location_x, location_y) VALUES ('2ec02fd1-d0c7-4a5b-9c20-377029165235', 'courier9', 4, 10, 1);
INSERT INTO couriers (id, name, speed, location_x, location_y) VALUES ('37886120-f01a-4b92-a3c6-931c1058bedf', 'courier14', 4, 6, 3);
INSERT INTO couriers (id, name, speed, location_x, location_y) VALUES ('388bb346-47e6-40c1-b2ca-4903825739b3', 'courier8', 3, 10, 10);
INSERT INTO couriers (id, name, speed, location_x, location_y) VALUES ('3c5d73e8-60d7-4852-b7bb-ee80a55a5ef8', 'courier0', 3, 3, 1);
INSERT INTO couriers (id, name, speed, location_x, location_y) VALUES ('400b08b4-a94f-426e-8ec6-c512dc715b39', 'courier6', 3, 7, 10);
INSERT INTO couriers (id, name, speed, location_x, location_y) VALUES ('4076f949-ef64-44dd-876f-ed5643e2eb4f', 'courier21', 1, 9, 1);
INSERT INTO couriers (id, name, speed, location_x, location_y) VALUES ('4ce9c6df-e90f-42b4-952e-c82395d97071', 'courier22', 5, 8, 7);
INSERT INTO couriers (id, name, speed, location_x, location_y) VALUES ('54517cca-9ac1-4b49-a649-606aae75b621', 'courier1', 4, 10, 7);
INSERT INTO couriers (id, name, speed, location_x, location_y) VALUES ('840e2fc4-e80a-43a5-aa5e-0f76dac63cab', 'courier17', 5, 7, 10);
INSERT INTO couriers (id, name, speed, location_x, location_y) VALUES ('9235d0e6-c344-415c-9da8-0a8b18fced9f', 'courier15', 1, 10, 10);
INSERT INTO couriers (id, name, speed, location_x, location_y) VALUES ('99848b6c-bef1-480d-8632-484b9460a7f4', 'courier10', 1, 1, 2);
INSERT INTO couriers (id, name, speed, location_x, location_y) VALUES ('a2399dda-06e2-4434-8015-a2b5e57ad066', 'courier2', 4, 3, 2);
INSERT INTO couriers (id, name, speed, location_x, location_y) VALUES ('a8d94494-d79c-461d-888d-7c90aecb021c', 'courier11', 4, 5, 3);
INSERT INTO couriers (id, name, speed, location_x, location_y) VALUES ('ac5dcab2-da4b-46c1-9d52-72ae8e999be8', 'courier5', 5, 3, 2);
INSERT INTO couriers (id, name, speed, location_x, location_y) VALUES ('ccee7ec7-ea8d-4bf4-8634-0624d54b1fc7', 'courier20', 4, 6, 4);
INSERT INTO couriers (id, name, speed, location_x, location_y) VALUES ('d2f727e5-5d37-4cd6-9f14-103c40cb0272', 'courier12', 3, 3, 5);
INSERT INTO couriers (id, name, speed, location_x, location_y) VALUES ('d50b04eb-91a5-4ac8-9dd0-d2dac559647f', 'courier23', 1, 3, 1);
INSERT INTO couriers (id, name, speed, location_x, location_y) VALUES ('dfaf5777-1ae4-4688-a23e-d7e2cb94619a', 'courier4', 4, 8, 9);
INSERT INTO couriers (id, name, speed, location_x, location_y) VALUES ('ecc4c416-0fbb-44b2-9be8-4a988d01c431', 'courier18', 2, 1, 7);
INSERT INTO couriers (id, name, speed, location_x, location_y) VALUES ('ef834edf-56f6-4a86-8930-d29edbaa1e20', 'courier19', 5, 9, 9);
INSERT INTO couriers (id, name, speed, location_x, location_y) VALUES ('f3e4b760-e228-4961-a54a-8fc9d6f6763f', 'courier3', 2, 6, 1);
INSERT INTO couriers (id, name, speed, location_x, location_y) VALUES ('f888422a-8537-4554-b62e-71210e1522f7', 'courier13', 5, 8, 5);
INSERT INTO couriers (id, name, speed, location_x, location_y) VALUES ('ff379e3b-dbf1-4ca1-b73d-62e58c4afbe7', 'courier24', 2, 2, 3);
INSERT INTO storage_places (id, name, volume, order_id, courier_id) VALUES ('508932b2-2923-45a4-8106-e6bd0b207781', 'Bag', 10, '664606fd-223f-4c36-bd1a-3d8ee2aed525', '0234c21c-e521-4f35-a5e3-e0af93c77bb8');
INSERT INTO storage_places (id, name, volume, order_id, courier_id) VALUES ('822db1dd-2ec3-4aee-8c5a-64c07cd82542', 'Bag', 10, null, '0c9b2544-6370-4a8c-afb9-e34158e1ae38');
INSERT INTO storage_places (id, name, volume, order_id, courier_id) VALUES ('94cad584-97b2-4ddb-be35-84c80b44f8bd', 'Bag', 10, null, '2ec02fd1-d0c7-4a5b-9c20-377029165235');
INSERT INTO storage_places (id, name, volume, order_id, courier_id) VALUES ('3b967a35-4567-4c26-bc2f-02ba85eb729d', 'trunk', 200, '6d3b5dec-52a9-4887-b4ef-f920f6bc2ae7', '2ec02fd1-d0c7-4a5b-9c20-377029165235');
INSERT INTO storage_places (id, name, volume, order_id, courier_id) VALUES ('4e9e7f23-713a-49e6-941b-d2951713798a', 'Bag', 10, null, '37886120-f01a-4b92-a3c6-931c1058bedf');
INSERT INTO storage_places (id, name, volume, order_id, courier_id) VALUES ('a4719735-9cb7-4453-8157-4989a93e751d', 'trunk', 200, null, '37886120-f01a-4b92-a3c6-931c1058bedf');
INSERT INTO storage_places (id, name, volume, order_id, courier_id) VALUES ('312fc048-a7bc-4833-aea6-9d2f9f180fd8', 'Bag', 10, null, '388bb346-47e6-40c1-b2ca-4903825739b3');
INSERT INTO storage_places (id, name, volume, order_id, courier_id) VALUES ('0072d45c-a2b3-455f-ba91-ff1a2742b4ef', 'Bag', 10, null, '3c5d73e8-60d7-4852-b7bb-ee80a55a5ef8');
INSERT INTO storage_places (id, name, volume, order_id, courier_id) VALUES ('273cff4a-4fb8-432e-887d-41607ff7353b', 'Bag', 10, null, '400b08b4-a94f-426e-8ec6-c512dc715b39');
INSERT INTO storage_places (id, name, volume, order_id, courier_id) VALUES ('d85f0a70-3d0b-40b6-99cd-3e9a74cc457a', 'Bag', 10, null, '4076f949-ef64-44dd-876f-ed5643e2eb4f');
INSERT INTO storage_places (id, name, volume, order_id, courier_id) VALUES ('05bc4c34-19f9-4345-bba2-c606bff8bc35', 'trunk', 200, 'e92df96d-d847-4b56-8c99-e85d519bfad6', '4076f949-ef64-44dd-876f-ed5643e2eb4f');
INSERT INTO storage_places (id, name, volume, order_id, courier_id) VALUES ('05da50d5-4730-4a4d-a497-a4e8dd2e8a6d', 'Bag', 10, '405c5bfa-960b-4ebd-b100-a1ec09f05f82', '4ce9c6df-e90f-42b4-952e-c82395d97071');
INSERT INTO storage_places (id, name, volume, order_id, courier_id) VALUES ('40d11173-ed06-487c-a71e-d782a9db3677', 'trunk', 200, '49f24f5d-d9da-4f1a-8dfc-51edab7f4549', '4ce9c6df-e90f-42b4-952e-c82395d97071');
INSERT INTO storage_places (id, name, volume, order_id, courier_id) VALUES ('edd14fad-fd15-4d9f-bad6-d3fa4ee9431f', 'Bag', 10, null, '54517cca-9ac1-4b49-a649-606aae75b621');
INSERT INTO storage_places (id, name, volume, order_id, courier_id) VALUES ('03d55eca-4563-4c90-a30d-5eb223c190b6', 'trunk', 200, '0f9fd652-580d-4d44-8851-2e22daef93fe', '54517cca-9ac1-4b49-a649-606aae75b621');
INSERT INTO storage_places (id, name, volume, order_id, courier_id) VALUES ('33b59c1a-4b6c-4cbc-ac84-cee180d2a98e', 'Bag', 10, '3a70ecaa-201d-4edd-abdf-9815c3c2b631', '840e2fc4-e80a-43a5-aa5e-0f76dac63cab');
INSERT INTO storage_places (id, name, volume, order_id, courier_id) VALUES ('476cd69f-4b17-4382-86a7-b8c9905795e9', 'trunk', 200, 'e85b31f1-4a84-4061-b7b7-10e89ba626e9', '840e2fc4-e80a-43a5-aa5e-0f76dac63cab');
INSERT INTO storage_places (id, name, volume, order_id, courier_id) VALUES ('5d1efffe-0752-4761-b0cd-26f967aec87e', 'Bag', 10, null, '9235d0e6-c344-415c-9da8-0a8b18fced9f');
INSERT INTO storage_places (id, name, volume, order_id, courier_id) VALUES ('1d64e547-3f61-412d-ae66-b10d37c159aa', 'trunk', 200, null, '9235d0e6-c344-415c-9da8-0a8b18fced9f');
INSERT INTO storage_places (id, name, volume, order_id, courier_id) VALUES ('4c8c93b0-4d12-4670-81d6-329a9e551738', 'Bag', 10, null, '99848b6c-bef1-480d-8632-484b9460a7f4');
INSERT INTO storage_places (id, name, volume, order_id, courier_id) VALUES ('fb304bf8-e482-4c50-8ce0-90f05b6a55d7', 'Bag', 10, '1c9ea059-a7e7-40c9-afab-68f990b465c7', 'a2399dda-06e2-4434-8015-a2b5e57ad066');
INSERT INTO storage_places (id, name, volume, order_id, courier_id) VALUES ('f1eb608c-5a7c-48e4-b724-a0c22d3d4af2', 'Bag', 10, 'f5e6c435-8466-427e-9686-4ca8d6b7ef64', 'a8d94494-d79c-461d-888d-7c90aecb021c');
INSERT INTO storage_places (id, name, volume, order_id, courier_id) VALUES ('15667b10-b767-48e1-a568-bc36a8bb73e3', 'trunk', 200, null, 'a8d94494-d79c-461d-888d-7c90aecb021c');
INSERT INTO storage_places (id, name, volume, order_id, courier_id) VALUES ('06584174-c5c9-43d2-886a-ff0819190eb3', 'Bag', 10, 'ceebf625-8a5b-409e-b92a-3cf51e3ea9a3', 'ac5dcab2-da4b-46c1-9d52-72ae8e999be8');
INSERT INTO storage_places (id, name, volume, order_id, courier_id) VALUES ('299a992a-4071-4e19-9d26-05831f1759a8', 'Bag', 10, null, 'ccee7ec7-ea8d-4bf4-8634-0624d54b1fc7');
INSERT INTO storage_places (id, name, volume, order_id, courier_id) VALUES ('9f6fca54-1737-4d0d-af4c-6033ae471a41', 'trunk', 200, null, 'ccee7ec7-ea8d-4bf4-8634-0624d54b1fc7');
INSERT INTO storage_places (id, name, volume, order_id, courier_id) VALUES ('d8231f3d-342d-475e-ac79-14b6717dcb3f', 'Bag', 10, 'd7269528-9199-4fa9-a512-7849efeaaacd', 'd2f727e5-5d37-4cd6-9f14-103c40cb0272');
INSERT INTO storage_places (id, name, volume, order_id, courier_id) VALUES ('0439d3cb-2cfd-4044-b471-39d1a5cab741', 'Bag', 10, null, 'd50b04eb-91a5-4ac8-9dd0-d2dac559647f');
INSERT INTO storage_places (id, name, volume, order_id, courier_id) VALUES ('4be15435-73c5-46b7-b9b8-2cb92225b16f', 'trunk', 200, null, 'd50b04eb-91a5-4ac8-9dd0-d2dac559647f');
INSERT INTO storage_places (id, name, volume, order_id, courier_id) VALUES ('6576ea10-961f-44e5-901e-02ea9894e2bc', 'Bag', 10, 'eb2f9997-24cb-486e-ad52-19f86f73eace', 'dfaf5777-1ae4-4688-a23e-d7e2cb94619a');
INSERT INTO storage_places (id, name, volume, order_id, courier_id) VALUES ('c987e2d9-7f20-41b1-904a-3eab09250e6a', 'trunk', 200, 'b5261984-e50b-465e-bd65-4b2c578ad130', 'dfaf5777-1ae4-4688-a23e-d7e2cb94619a');
INSERT INTO storage_places (id, name, volume, order_id, courier_id) VALUES ('769f2e11-dd95-4535-b84a-8af9d8ea0b4e', 'Bag', 10, null, 'ecc4c416-0fbb-44b2-9be8-4a988d01c431');
INSERT INTO storage_places (id, name, volume, order_id, courier_id) VALUES ('7338f86a-60c7-4678-9f9c-e50334488e9c', 'Bag', 10, '943b8aff-ad55-46a5-89a4-9dd49f46f398', 'ef834edf-56f6-4a86-8930-d29edbaa1e20');
INSERT INTO storage_places (id, name, volume, order_id, courier_id) VALUES ('b474ebf3-a69f-4915-9974-814337389ae2', 'Bag', 10, null, 'f3e4b760-e228-4961-a54a-8fc9d6f6763f');
INSERT INTO storage_places (id, name, volume, order_id, courier_id) VALUES ('f50ec3e2-0104-4518-99a1-32bd02d68146', 'trunk', 200, null, 'f3e4b760-e228-4961-a54a-8fc9d6f6763f');
INSERT INTO storage_places (id, name, volume, order_id, courier_id) VALUES ('bce6337c-0348-4ccd-9c8f-95619c73812a', 'Bag', 10, 'c3affc44-5909-47db-b824-1afbfb005d08', 'f888422a-8537-4554-b62e-71210e1522f7');
INSERT INTO storage_places (id, name, volume, order_id, courier_id) VALUES ('0cd0a03e-0788-478c-887e-28d058d2594e', 'trunk', 200, 'f5f52d69-37c6-47ce-bdbc-3172b413ab9c', 'f888422a-8537-4554-b62e-71210e1522f7');
INSERT INTO storage_places (id, name, volume, order_id, courier_id) VALUES ('2eeeceec-4ff8-4453-9a3f-9b5247283601', 'Bag', 10, null, 'ff379e3b-dbf1-4ca1-b73d-62e58c4afbe7');
